datalogger_id,China_DateTime,LeafWetness_Percent,SolarRadiation_WattsPerSquareMeter,Temp_C,RH_Percent,DewPt_C
OnsetStation,0020-01-05 10:51:00,0,1276.9,5.411,82.2,2.6
OnsetStation,0020-01-05 11:06:00,0,5.6,4.376,88.1,2.6
OnsetStation,0020-01-05 11:21:00,0,3.1,4.22,90.3,2.8
OnsetStation,0020-01-05 11:36:00,0,3.1,4.063,91.5,2.8
OnsetStation,0020-01-05 11:51:00,0,4.4,4.011,92.4,2.9
OnsetStation,0020-01-05 12:06:00,0,5.6,4.037,93.1,3
OnsetStation,0020-01-05 12:21:00,0,4.4,3.985,93.7,3.1
OnsetStation,0020-01-05 12:36:00,0,5.6,3.958,93.8,3.1
OnsetStation,0020-01-05 12:51:00,0,3.1,3.88,94,3
OnsetStation,0020-01-05 13:06:00,0,9.4,3.932,94.3,3.1
OnsetStation,0020-01-05 13:21:00,0,23.1,4.063,94.4,3.2
OnsetStation,0020-01-05 13:36:00,0,18.1,4.22,94.3,3.4
OnsetStation,0020-01-05 13:51:00,0,15.6,4.246,94.5,3.4
OnsetStation,0020-01-05 14:06:00,0,14.4,4.168,94.8,3.4
OnsetStation,0020-01-05 14:21:00,0,16.9,4.141,94.9,3.4
OnsetStation,0020-01-05 14:36:00,0,10.6,4.115,95.1,3.4
OnsetStation,0020-01-05 14:51:00,0,6.9,3.985,95.5,3.3
OnsetStation,0020-01-05 15:06:00,0,6.9,3.854,95.8,3.2
OnsetStation,0020-01-05 15:21:00,0,5.6,3.854,95.8,3.2
OnsetStation,0020-01-05 15:36:00,0,4.4,3.801,96.2,3.3
OnsetStation,0020-01-05 15:51:00,0,4.4,3.749,96.2,3.2
OnsetStation,0020-01-05 16:06:00,0,3.1,3.749,96.4,3.2
OnsetStation,0020-01-05 16:21:00,0,0.6,3.617,96.7,3.1
OnsetStation,0020-01-05 16:36:00,0,0.6,3.564,96.8,3.1
OnsetStation,0020-01-05 16:51:00,0,0.6,3.512,96.9,3.1
OnsetStation,0020-01-05 17:06:00,0,0.6,3.485,97.2,3.1
OnsetStation,0020-01-05 17:21:00,0,0.6,3.485,97.4,3.1
OnsetStation,0020-01-05 17:36:00,0,0.6,3.459,97.5,3.1
OnsetStation,0020-01-05 17:51:00,0,0.6,3.406,97.6,3.1
OnsetStation,0020-01-05 18:06:00,0,0.6,3.406,97.6,3.1
OnsetStation,0020-01-05 18:21:00,0,0.6,3.38,97.6,3
OnsetStation,0020-01-05 18:36:00,0,0.6,3.406,97.8,3.1
OnsetStation,0020-01-05 18:51:00,0,0.6,3.354,97.9,3.1
OnsetStation,0020-01-05 19:06:00,0,0.6,3.354,97.9,3.1
OnsetStation,0020-01-05 19:21:00,0,0.6,3.327,98.1,3.1
OnsetStation,0020-01-05 19:36:00,0,0.6,3.327,98.2,3.1
OnsetStation,0020-01-05 19:51:00,0,0.6,3.301,98.1,3
OnsetStation,0020-01-05 20:06:00,0,0.6,3.301,98.3,3.1
OnsetStation,0020-01-05 20:21:00,0,0.6,3.274,98.3,3
OnsetStation,0020-01-05 20:36:00,0,0.6,3.274,98.4,3
OnsetStation,0020-01-05 20:51:00,0,0.6,3.248,98.5,3
OnsetStation,0020-01-05 21:06:00,0,0.6,3.274,98.5,3.1
OnsetStation,0020-01-05 21:21:00,0,0.6,3.248,98.5,3
OnsetStation,0020-01-05 21:36:00,0,0.6,3.221,98.6,3
OnsetStation,0020-01-05 21:51:00,0,0.6,3.221,98.7,3
OnsetStation,0020-01-05 22:06:00,0,0.6,3.221,98.8,3.1
OnsetStation,0020-01-05 22:21:00,0,0.6,3.221,98.8,3.1
OnsetStation,0020-01-05 22:36:00,0,0.6,3.195,98.8,3
OnsetStation,0020-01-05 22:51:00,0,0.6,3.195,98.9,3
OnsetStation,0020-01-05 23:06:00,0,0.6,3.195,99,3.1
OnsetStation,0020-01-05 23:21:00,0,0.6,3.221,99,3.1
OnsetStation,0020-01-05 23:36:00,0,0.6,3.195,99.2,3.1
OnsetStation,0020-01-05 23:51:00,0,0.6,3.195,99.2,3.1
OnsetStation,0020-01-06 00:06:00,0,0.6,3.195,99.2,3.1
OnsetStation,0020-01-06 00:21:00,0,0.6,3.195,99.3,3.1
OnsetStation,0020-01-06 00:36:00,0,0.6,3.195,99.3,3.1
OnsetStation,0020-01-06 00:51:00,0.59,0.6,3.274,99.4,3.2
OnsetStation,0020-01-06 01:06:00,0.59,0.6,3.274,99.5,3.2
OnsetStation,0020-01-06 01:21:00,0.59,0.6,3.301,99.6,3.2
OnsetStation,0020-01-06 01:36:00,0.59,0.6,3.327,99.6,3.3
OnsetStation,0020-01-06 01:51:00,0.59,0.6,3.354,99.7,3.3
OnsetStation,0020-01-06 02:06:00,0.59,0.6,3.354,99.8,3.3
OnsetStation,0020-01-06 02:21:00,0.59,0.6,3.327,99.7,3.3
OnsetStation,0020-01-06 02:36:00,0.59,0.6,3.354,99.8,3.3
OnsetStation,0020-01-06 02:51:00,0.59,0.6,3.354,99.9,3.3
OnsetStation,0020-01-06 03:06:00,0.59,0.6,3.406,99.9,3.4
OnsetStation,0020-01-06 03:21:00,0.59,0.6,3.38,99.9,3.4
OnsetStation,0020-01-06 03:36:00,0.59,0.6,3.406,100,3.4
OnsetStation,0020-01-06 03:51:00,0.59,0.6,3.406,100,3.4
OnsetStation,0020-01-06 04:06:00,0.59,0.6,3.38,100,3.4
OnsetStation,0020-01-06 04:21:00,0.59,0.6,3.354,100,3.4
OnsetStation,0020-01-06 04:36:00,0.59,0.6,3.327,100,3.3
OnsetStation,0020-01-06 04:51:00,0.59,0.6,3.327,100,3.3
OnsetStation,0020-01-06 05:06:00,0.59,0.6,3.38,100,3.4
OnsetStation,0020-01-06 05:21:00,0.59,0.6,3.354,100,3.4
OnsetStation,0020-01-06 05:36:00,0.59,0.6,3.406,100,3.4
OnsetStation,0020-01-06 05:51:00,1.18,0.6,3.433,100,3.4
OnsetStation,0020-01-06 06:06:00,1.18,0.6,3.459,100,3.5
OnsetStation,0020-01-06 06:21:00,1.18,0.6,3.512,100,3.5
OnsetStation,0020-01-06 06:36:00,1.18,0.6,3.538,100,3.5
OnsetStation,0020-01-06 06:51:00,1.18,0.6,3.538,100,3.5
OnsetStation,0020-01-06 07:06:00,1.18,0.6,3.591,100,3.6
OnsetStation,0020-01-06 07:21:00,1.18,0.6,3.591,100,3.6
OnsetStation,0020-01-06 07:36:00,1.18,0.6,3.591,100,3.6
OnsetStation,0020-01-06 07:51:00,1.18,0.6,3.643,100,3.6
OnsetStation,0020-01-06 08:06:00,1.18,5.6,3.775,100,3.8
OnsetStation,0020-01-06 08:21:00,0.59,11.9,3.906,100,3.9
OnsetStation,0020-01-06 08:36:00,0.59,14.4,4.141,100,4.1
OnsetStation,0020-01-06 08:51:00,0,16.9,4.324,100,4.3
OnsetStation,0020-01-06 09:06:00,0,25.6,4.558,99.9,4.5
OnsetStation,0020-01-06 09:21:00,0,34.4,4.921,99.5,4.9
OnsetStation,0020-01-06 09:36:00,0,38.1,5.334,99.1,5.2
OnsetStation,0020-01-06 09:51:00,0,46.9,5.847,98.5,5.6
OnsetStation,0020-01-06 10:06:00,0,48.1,6.204,97.6,5.9
OnsetStation,0020-01-06 10:21:00,0,50.6,6.382,97.5,6
OnsetStation,0020-01-06 10:36:00,0,58.1,6.864,96.8,6.4
OnsetStation,0020-01-06 10:51:00,0,98.1,7.619,95.1,6.9
OnsetStation,0020-01-06 11:06:00,0,61.9,7.67,96.5,7.2
OnsetStation,0020-01-06 11:21:00,0,65.6,7.444,97.2,7
OnsetStation,0020-01-06 11:36:00,0,61.9,7.619,97.3,7.2
OnsetStation,0020-01-06 11:51:00,0,53.1,7.368,97.6,7
OnsetStation,0020-01-06 12:06:00,0,54.4,7.167,97.9,6.9
OnsetStation,0020-01-06 12:21:00,0,73.1,7.645,97.3,7.3
OnsetStation,0020-01-06 12:36:00,0,88.1,8.095,96.8,7.6
OnsetStation,0020-01-06 12:51:00,0,68.1,8.12,96.8,7.7
OnsetStation,0020-01-06 13:06:00,0,59.4,7.945,97.3,7.6
OnsetStation,0020-01-06 13:21:00,0,76.9,8.145,96.8,7.7
OnsetStation,0020-01-06 13:36:00,0,55.6,7.92,97.2,7.5
OnsetStation,0020-01-06 13:51:00,0,59.4,7.67,97.5,7.3
OnsetStation,0020-01-06 14:06:00,0,71.9,7.619,97.1,7.2
OnsetStation,0020-01-06 14:21:00,0,50.6,7.519,97.4,7.1
OnsetStation,0020-01-06 14:36:00,0,43.1,7.242,97.4,6.9
OnsetStation,0020-01-06 14:51:00,0,59.4,7.318,97.4,6.9
OnsetStation,0020-01-06 15:06:00,0,48.1,7.368,98,7.1
OnsetStation,0020-01-06 15:21:00,0,41.9,7.242,98.4,7
OnsetStation,0020-01-06 15:36:00,0,36.9,7.116,98.6,6.9
OnsetStation,0020-01-06 15:51:00,0,31.9,6.914,98.8,6.7
OnsetStation,0020-01-06 16:06:00,0.59,3.1,6.611,99.3,6.5
OnsetStation,0020-01-06 16:21:00,1.18,1.9,6.433,99.7,6.4
OnsetStation,0020-01-06 16:36:00,1.18,0.6,6.357,99.9,6.3
OnsetStation,0020-01-06 16:51:00,1.18,0.6,6.331,100,6.3
OnsetStation,0020-01-06 17:06:00,1.18,0.6,6.255,100,6.3
OnsetStation,0020-01-06 17:21:00,1.76,0.6,6.153,100,6.2
OnsetStation,0020-01-06 17:36:00,1.18,0.6,6.077,100,6.1
OnsetStation,0020-01-06 17:51:00,1.76,0.6,6,100,6
OnsetStation,0020-01-06 18:06:00,1.76,0.6,5.924,100,5.9
OnsetStation,0020-01-06 18:21:00,1.76,0.6,5.872,100,5.9
OnsetStation,0020-01-06 18:36:00,1.76,0.6,5.796,100,5.8
OnsetStation,0020-01-06 18:51:00,1.76,0.6,5.77,100,5.8
OnsetStation,0020-01-06 19:06:00,1.76,0.6,5.668,100,5.7
OnsetStation,0020-01-06 19:21:00,1.76,0.6,5.591,100,5.6
OnsetStation,0020-01-06 19:36:00,1.76,0.6,5.539,100,5.5
OnsetStation,0020-01-06 19:51:00,1.76,0.6,5.514,100,5.5
OnsetStation,0020-01-06 20:06:00,1.76,0.6,5.437,100,5.4
OnsetStation,0020-01-06 20:21:00,1.76,0.6,5.462,100,5.5
OnsetStation,0020-01-06 20:36:00,1.76,0.6,5.437,100,5.4
OnsetStation,0020-01-06 20:51:00,1.76,0.6,5.385,100,5.4
OnsetStation,0020-01-06 21:06:00,2.35,0.6,5.334,100,5.3
OnsetStation,0020-01-06 21:21:00,2.35,0.6,5.36,100,5.4
OnsetStation,0020-01-06 21:36:00,2.35,0.6,5.36,100,5.4
OnsetStation,0020-01-06 21:51:00,2.35,0.6,5.308,100,5.3
OnsetStation,0020-01-06 22:06:00,2.35,0.6,5.334,100,5.3
OnsetStation,0020-01-06 22:21:00,2.35,0.6,5.257,100,5.3
OnsetStation,0020-01-06 22:36:00,2.35,0.6,5.205,100,5.2
OnsetStation,0020-01-06 22:51:00,2.35,0.6,5.205,100,5.2
OnsetStation,0020-01-06 23:06:00,2.35,0.6,5.179,100,5.2
OnsetStation,0020-01-06 23:21:00,2.35,0.6,5.076,100,5.1
OnsetStation,0020-01-06 23:36:00,2.35,0.6,5.024,100,5
OnsetStation,0020-01-06 23:51:00,2.35,0.6,4.973,100,5
OnsetStation,0020-01-07 00:06:00,2.35,0.6,4.973,100,5
OnsetStation,0020-01-07 00:21:00,2.35,0.6,4.973,100,5
OnsetStation,0020-01-07 00:36:00,2.35,0.6,4.947,100,4.9
OnsetStation,0020-01-07 00:51:00,2.35,0.6,4.869,100,4.9
OnsetStation,0020-01-07 01:06:00,2.35,0.6,4.818,100,4.8
OnsetStation,0020-01-07 01:21:00,2.35,0.6,4.792,100,4.8
OnsetStation,0020-01-07 01:36:00,2.35,0.6,4.74,100,4.7
OnsetStation,0020-01-07 01:51:00,2.35,0.6,4.688,100,4.7
OnsetStation,0020-01-07 02:06:00,2.35,0.6,4.662,100,4.7
OnsetStation,0020-01-07 02:21:00,2.35,0.6,4.688,100,4.7
OnsetStation,0020-01-07 02:36:00,2.35,0.6,4.636,100,4.6
OnsetStation,0020-01-07 02:51:00,2.35,0.6,4.714,100,4.7
OnsetStation,0020-01-07 03:06:00,2.35,0.6,4.688,100,4.7
OnsetStation,0020-01-07 03:21:00,2.35,0.6,4.688,100,4.7
OnsetStation,0020-01-07 03:36:00,2.35,0.6,4.636,100,4.6
OnsetStation,0020-01-07 03:51:00,2.35,0.6,4.662,100,4.7
OnsetStation,0020-01-07 04:06:00,2.35,0.6,4.61,100,4.6
OnsetStation,0020-01-07 04:21:00,2.35,0.6,4.61,100,4.6
OnsetStation,0020-01-07 04:36:00,2.35,0.6,4.636,100,4.6
OnsetStation,0020-01-07 04:51:00,2.35,0.6,4.662,100,4.7
OnsetStation,0020-01-07 05:06:00,2.35,0.6,4.662,100,4.7
OnsetStation,0020-01-07 05:21:00,2.35,0.6,4.74,100,4.7
OnsetStation,0020-01-07 05:36:00,2.35,0.6,4.688,100,4.7
OnsetStation,0020-01-07 05:51:00,2.35,0.6,4.662,100,4.7
OnsetStation,0020-01-07 06:06:00,2.35,0.6,4.766,100,4.8
OnsetStation,0020-01-07 06:21:00,2.35,0.6,4.766,100,4.8
OnsetStation,0020-01-07 06:36:00,2.35,0.6,4.74,100,4.7
OnsetStation,0020-01-07 06:51:00,2.94,0.6,4.74,100,4.7
OnsetStation,0020-01-07 07:06:00,2.35,0.6,4.61,100,4.6
OnsetStation,0020-01-07 07:21:00,2.35,0.6,4.636,100,4.6
OnsetStation,0020-01-07 07:36:00,2.35,0.6,4.532,100,4.5
OnsetStation,0020-01-07 07:51:00,2.35,0.6,4.428,100,4.4
OnsetStation,0020-01-07 08:06:00,2.35,3.1,4.194,100,4.2
OnsetStation,0020-01-07 08:21:00,1.76,6.9,4.063,100,4.1
OnsetStation,0020-01-07 08:36:00,1.76,10.6,4.037,100,4
OnsetStation,0020-01-07 08:51:00,1.76,11.9,3.932,100,3.9
OnsetStation,0020-01-07 09:06:00,1.76,11.9,3.775,100,3.8
OnsetStation,0020-01-07 09:21:00,1.76,10.6,3.696,100,3.7
OnsetStation,0020-01-07 09:36:00,1.76,8.1,3.643,100,3.6
OnsetStation,0020-01-07 09:51:00,1.76,9.4,3.617,100,3.6
OnsetStation,0020-01-07 10:06:00,1.76,8.1,3.643,100,3.6
OnsetStation,0020-01-07 10:21:00,1.76,11.9,3.643,100,3.6
OnsetStation,0020-01-07 10:36:00,1.76,14.4,3.643,100,3.6
OnsetStation,0020-01-07 10:51:00,1.18,21.9,3.696,100,3.7
OnsetStation,0020-01-07 11:06:00,1.18,28.1,3.88,100,3.9
OnsetStation,0020-01-07 11:21:00,1.18,31.9,4.037,100,4
OnsetStation,0020-01-07 11:36:00,1.18,40.6,4.168,100,4.2
OnsetStation,0020-01-07 11:51:00,0.59,39.4,4.246,100,4.2
OnsetStation,0020-01-07 12:06:00,0.59,41.9,4.298,100,4.3
OnsetStation,0020-01-07 12:21:00,0.59,46.9,4.428,100,4.4
OnsetStation,0020-01-07 12:36:00,0.59,58.1,4.74,100,4.7
OnsetStation,0020-01-07 12:51:00,0.59,56.9,4.818,100,4.8
OnsetStation,0020-01-07 13:06:00,0.59,50.6,4.947,100,4.9
OnsetStation,0020-01-07 13:21:00,0.59,45.6,5.024,100,5
OnsetStation,0020-01-07 13:36:00,0.59,39.4,4.999,100,5
OnsetStation,0020-01-07 13:51:00,0.59,44.4,4.895,100,4.9
OnsetStation,0020-01-07 14:06:00,0.59,38.1,4.921,100,4.9
OnsetStation,0020-01-07 14:21:00,0.59,33.1,4.818,100,4.8
OnsetStation,0020-01-07 14:36:00,0.59,43.1,4.792,100,4.8
OnsetStation,0020-01-07 14:51:00,0.59,41.9,4.844,100,4.8
OnsetStation,0020-01-07 15:06:00,0.59,50.6,4.921,100,4.9
OnsetStation,0020-01-07 15:21:00,0.59,50.6,5.024,100,5
OnsetStation,0020-01-07 15:36:00,0.59,48.1,5.128,100,5.1
OnsetStation,0020-01-07 15:51:00,0.59,39.4,5.154,100,5.2
OnsetStation,0020-01-07 16:06:00,0.59,33.1,4.999,100,5
OnsetStation,0020-01-07 16:21:00,1.18,24.4,4.844,100,4.8
OnsetStation,0020-01-07 16:36:00,1.18,18.1,4.584,100,4.6
OnsetStation,0020-01-07 16:51:00,1.18,14.4,4.402,100,4.4
OnsetStation,0020-01-07 17:06:00,1.76,8.1,4.272,100,4.3
OnsetStation,0020-01-07 17:21:00,1.76,0.6,4.011,100,4
OnsetStation,0020-01-07 17:36:00,2.35,0.6,3.827,100,3.8
OnsetStation,0020-01-07 17:51:00,2.35,0.6,3.643,100,3.6
OnsetStation,0020-01-07 18:06:00,2.35,0.6,3.459,100,3.5
OnsetStation,0020-01-07 18:21:00,2.35,0.6,3.168,100,3.2
OnsetStation,0020-01-07 18:36:00,2.35,0.6,2.85,100,2.8
OnsetStation,0020-01-07 18:51:00,2.35,0.6,2.557,100,2.6
OnsetStation,0020-01-07 19:06:00,2.35,0.6,2.343,100,2.3
OnsetStation,0020-01-07 19:21:00,2.35,0.6,2.128,100,2.1
OnsetStation,0020-01-07 19:36:00,2.35,0.6,2.101,100,2.1
OnsetStation,0020-01-07 19:51:00,2.35,0.6,2.047,100,2
OnsetStation,0020-01-07 20:06:00,2.94,0.6,2.047,100,2
OnsetStation,0020-01-07 20:21:00,2.35,0.6,2.101,100,2.1
OnsetStation,0020-01-07 20:36:00,2.35,0.6,2.155,100,2.2
OnsetStation,0020-01-07 20:51:00,2.35,0.6,2.128,100,2.1
OnsetStation,0020-01-07 21:06:00,2.94,0.6,1.94,100,1.9
OnsetStation,0020-01-07 21:21:00,2.35,0.6,1.534,100,1.5
OnsetStation,0020-01-07 21:36:00,2.35,0.6,1.262,100,1.3
OnsetStation,0020-01-07 21:51:00,2.35,0.6,1.208,100,1.2
OnsetStation,0020-01-07 22:06:00,2.35,0.6,0.934,100,0.9
OnsetStation,0020-01-07 22:21:00,2.35,0.6,0.742,100,0.7
OnsetStation,0020-01-07 22:36:00,2.35,0.6,0.605,100,0.6
OnsetStation,0020-01-07 22:51:00,2.35,0.6,0.412,100,0.4
OnsetStation,0020-01-07 23:06:00,2.35,0.6,0.301,100,0.3
OnsetStation,0020-01-07 23:21:00,2.35,0.6,0.163,100,0.2
OnsetStation,0020-01-07 23:36:00,2.35,0.6,0.079,100,0.1
OnsetStation,0020-01-07 23:51:00,2.35,0.6,-0.06,100,-0.1
OnsetStation,0020-01-08 00:06:00,2.35,0.6,-0.171,100,-0.2
OnsetStation,0020-01-08 00:21:00,2.35,0.6,-0.199,100,-0.2
OnsetStation,0020-01-08 00:36:00,2.35,0.6,-0.199,100,-0.2
OnsetStation,0020-01-08 00:51:00,2.35,0.6,-0.451,100,-0.5
OnsetStation,0020-01-08 01:06:00,2.35,0.6,-0.704,100,-0.7
OnsetStation,0020-01-08 01:21:00,2.35,0.6,-0.817,100,-0.8
OnsetStation,0020-01-08 01:36:00,2.35,0.6,-0.76,100,-0.8
OnsetStation,0020-01-08 01:51:00,1.76,0.6,-0.367,100,-0.4
OnsetStation,0020-01-08 02:06:00,2.35,0.6,-0.004,100,0
OnsetStation,0020-01-08 02:21:00,2.35,0.6,0.218,100,0.2
OnsetStation,0020-01-08 02:36:00,2.35,0.6,0.329,100,0.3
OnsetStation,0020-01-08 02:51:00,2.35,0.6,0.356,100,0.4
OnsetStation,0020-01-08 03:06:00,2.35,0.6,0.412,100,0.4
OnsetStation,0020-01-08 03:21:00,2.35,0.6,0.467,100,0.5
OnsetStation,0020-01-08 03:36:00,2.35,0.6,0.522,100,0.5
OnsetStation,0020-01-08 03:51:00,2.35,0.6,0.439,100,0.4
OnsetStation,0020-01-08 04:06:00,2.35,0.6,0.356,100,0.4
OnsetStation,0020-01-08 04:21:00,2.35,0.6,0.329,100,0.3
OnsetStation,0020-01-08 04:36:00,2.35,0.6,0.246,100,0.2
OnsetStation,0020-01-08 04:51:00,2.35,0.6,0.107,100,0.1
OnsetStation,0020-01-08 05:06:00,2.35,0.6,-0.032,100,0
OnsetStation,0020-01-08 05:21:00,2.35,0.6,-0.143,100,-0.1
OnsetStation,0020-01-08 05:36:00,2.35,0.6,-0.227,100,-0.2
OnsetStation,0020-01-08 05:51:00,2.35,0.6,-0.423,100,-0.4
OnsetStation,0020-01-08 06:06:00,2.35,0.6,-0.423,100,-0.4
OnsetStation,0020-01-08 06:21:00,2.35,0.6,-0.339,100,-0.3
OnsetStation,0020-01-08 06:36:00,2.35,0.6,-0.339,100,-0.3
OnsetStation,0020-01-08 06:51:00,2.35,0.6,-0.339,100,-0.3
OnsetStation,0020-01-08 07:06:00,2.35,0.6,-0.311,100,-0.3
OnsetStation,0020-01-08 07:21:00,2.35,0.6,-0.283,100,-0.3
OnsetStation,0020-01-08 07:36:00,2.35,1.9,-0.171,100,-0.2
OnsetStation,0020-01-08 07:51:00,2.35,5.6,-0.088,100,-0.1
OnsetStation,0020-01-08 08:06:00,1.76,11.9,0.107,100,0.1
OnsetStation,0020-01-08 08:21:00,1.76,20.6,0.384,100,0.4
OnsetStation,0020-01-08 08:36:00,1.18,29.4,0.77,100,0.8
OnsetStation,0020-01-08 08:51:00,1.18,35.6,1.18,100,1.2
OnsetStation,0020-01-08 09:06:00,0.59,44.4,1.615,100,1.6
OnsetStation,0020-01-08 09:21:00,0.59,51.9,1.994,100,2
OnsetStation,0020-01-08 09:36:00,0.59,60.6,2.61,100,2.6
OnsetStation,0020-01-08 09:51:00,0.59,68.1,3.168,100,3.2
OnsetStation,0020-01-08 10:06:00,0.59,45.6,3.327,100,3.3
OnsetStation,0020-01-08 10:21:00,0.59,65.6,3.827,100,3.8
OnsetStation,0020-01-08 10:36:00,0.59,106.9,4.48,100,4.5
OnsetStation,0020-01-08 10:51:00,0,128.1,5.334,99.6,5.3
OnsetStation,0020-01-08 11:06:00,0,143.1,6.23,98.3,6
OnsetStation,0020-01-08 11:21:00,0.59,126.9,6.813,97.9,6.5
OnsetStation,0020-01-08 11:36:00,0.59,143.1,7.318,97.8,7
OnsetStation,0020-01-08 11:51:00,0.59,149.4,8.245,97.3,7.9
OnsetStation,0020-01-08 12:06:00,0.59,143.1,8.568,96.4,8
OnsetStation,0020-01-08 12:21:00,0.59,141.9,8.817,96.2,8.3
OnsetStation,0020-01-08 12:36:00,0.59,145.6,9.139,95.7,8.5
OnsetStation,0020-01-08 12:51:00,0.59,144.4,9.509,95.7,8.9
OnsetStation,0020-01-08 13:06:00,0.59,130.6,9.854,95.2,9.1
OnsetStation,0020-01-08 13:21:00,0.59,100.6,9.139,96,8.5
OnsetStation,0020-01-08 13:36:00,0.59,135.6,8.965,96.4,8.4
OnsetStation,0020-01-08 13:51:00,0.59,130.6,9.706,95.5,9
OnsetStation,0020-01-08 14:06:00,0.59,118.1,9.829,95.4,9.1
OnsetStation,0020-01-08 14:21:00,0.59,104.4,9.485,96.1,8.9
OnsetStation,0020-01-08 14:36:00,0.59,65.6,9.114,96.9,8.7
OnsetStation,0020-01-08 14:51:00,0.59,69.4,8.668,97.7,8.3
OnsetStation,0020-01-08 15:06:00,0.59,71.9,8.245,98,8
OnsetStation,0020-01-08 15:21:00,0.59,48.1,8.245,98.2,8
OnsetStation,0020-01-08 15:36:00,0.59,46.9,7.519,98.3,7.3
OnsetStation,0020-01-08 15:51:00,1.18,30.6,7.192,99.2,7.1
OnsetStation,0020-01-08 16:06:00,1.18,20.6,6.687,99.7,6.6
OnsetStation,0020-01-08 16:21:00,1.18,13.1,6.153,100,6.2
OnsetStation,0020-01-08 16:36:00,1.76,0.6,5.847,100,5.9
OnsetStation,0020-01-08 16:51:00,1.76,0.6,5.77,100,5.8
OnsetStation,0020-01-08 17:06:00,2.35,0.6,5.668,100,5.7
OnsetStation,0020-01-08 17:21:00,2.35,0.6,5.514,100,5.5
OnsetStation,0020-01-08 17:36:00,2.35,0.6,5.411,100,5.4
OnsetStation,0020-01-08 17:51:00,2.35,0.6,5.334,100,5.3
OnsetStation,0020-01-08 18:06:00,2.35,0.6,5.231,100,5.2
OnsetStation,0020-01-08 18:21:00,2.35,0.6,5.154,100,5.2
OnsetStation,0020-01-08 18:36:00,2.35,0.6,5.102,100,5.1
OnsetStation,0020-01-08 18:51:00,2.94,0.6,5.05,100,5.1
OnsetStation,0020-01-08 19:06:00,2.94,0.6,4.973,100,5
OnsetStation,0020-01-08 19:21:00,2.35,0.6,4.895,100,4.9
OnsetStation,0020-01-08 19:36:00,2.94,0.6,4.869,100,4.9
OnsetStation,0020-01-08 19:51:00,2.94,0.6,4.792,100,4.8
OnsetStation,0020-01-08 20:06:00,2.94,0.6,4.766,100,4.8
OnsetStation,0020-01-08 20:21:00,2.94,0.6,4.714,100,4.7
OnsetStation,0020-01-08 20:36:00,2.94,0.6,4.662,100,4.7
OnsetStation,0020-01-08 20:51:00,2.94,0.6,4.61,100,4.6
OnsetStation,0020-01-08 21:06:00,2.94,0.6,4.532,100,4.5
OnsetStation,0020-01-08 21:21:00,2.94,0.6,4.558,100,4.6
OnsetStation,0020-01-08 21:36:00,2.94,0.6,4.506,100,4.5
OnsetStation,0020-01-08 21:51:00,2.94,0.6,4.428,100,4.4
OnsetStation,0020-01-08 22:06:00,2.94,0.6,4.428,100,4.4
OnsetStation,0020-01-08 22:21:00,2.94,0.6,4.376,100,4.4
OnsetStation,0020-01-08 22:36:00,2.94,0.6,4.35,100,4.4
OnsetStation,0020-01-08 22:51:00,2.94,0.6,4.298,100,4.3
OnsetStation,0020-01-08 23:06:00,2.94,0.6,4.246,100,4.2
OnsetStation,0020-01-08 23:21:00,2.94,0.6,4.246,100,4.2
OnsetStation,0020-01-08 23:36:00,2.94,0.6,4.194,100,4.2
OnsetStation,0020-01-08 23:51:00,2.94,0.6,4.194,100,4.2
OnsetStation,0020-01-09 00:06:00,2.94,0.6,4.168,100,4.2
OnsetStation,0020-01-09 00:21:00,2.94,0.6,4.115,100,4.1
OnsetStation,0020-01-09 00:36:00,2.94,0.6,4.115,100,4.1
OnsetStation,0020-01-09 00:51:00,2.94,0.6,4.063,100,4.1
OnsetStation,0020-01-09 01:06:00,2.94,0.6,4.063,100,4.1
OnsetStation,0020-01-09 01:21:00,2.94,0.6,4.037,100,4
OnsetStation,0020-01-09 01:36:00,2.94,0.6,4.011,100,4
OnsetStation,0020-01-09 01:51:00,2.94,0.6,3.985,100,4
OnsetStation,0020-01-09 02:06:00,2.94,0.6,4.011,100,4
OnsetStation,0020-01-09 02:21:00,2.94,0.6,3.958,100,4
OnsetStation,0020-01-09 02:36:00,2.94,0.6,3.958,100,4
OnsetStation,0020-01-09 02:51:00,2.94,0.6,3.958,100,4
OnsetStation,0020-01-09 03:06:00,3.53,0.6,3.932,100,3.9
OnsetStation,0020-01-09 03:21:00,3.53,0.6,3.906,100,3.9
OnsetStation,0020-01-09 03:36:00,3.53,0.6,3.88,100,3.9
OnsetStation,0020-01-09 03:51:00,3.53,0.6,3.827,100,3.8
OnsetStation,0020-01-09 04:06:00,2.94,0.6,3.827,100,3.8
OnsetStation,0020-01-09 04:21:00,2.94,0.6,3.827,100,3.8
OnsetStation,0020-01-09 04:36:00,2.94,0.6,3.801,100,3.8
OnsetStation,0020-01-09 04:51:00,2.94,0.6,3.775,100,3.8
OnsetStation,0020-01-09 05:06:00,2.94,0.6,3.749,100,3.8
OnsetStation,0020-01-09 05:21:00,3.53,0.6,3.749,100,3.8
OnsetStation,0020-01-09 05:36:00,3.53,0.6,3.722,100,3.7
OnsetStation,0020-01-09 05:51:00,3.53,0.6,3.696,100,3.7
OnsetStation,0020-01-09 06:06:00,3.53,0.6,3.696,100,3.7
OnsetStation,0020-01-09 06:21:00,3.53,0.6,3.696,100,3.7
OnsetStation,0020-01-09 06:36:00,3.53,0.6,3.696,100,3.7
OnsetStation,0020-01-09 06:51:00,3.53,0.6,3.67,100,3.7
OnsetStation,0020-01-09 07:06:00,3.53,0.6,3.67,100,3.7
OnsetStation,0020-01-09 07:21:00,3.53,0.6,3.67,100,3.7
OnsetStation,0020-01-09 07:36:00,3.53,0.6,3.67,100,3.7
OnsetStation,0020-01-09 07:51:00,3.53,1.9,3.617,100,3.6
OnsetStation,0020-01-09 08:06:00,2.94,9.4,3.142,100,3.1
OnsetStation,0020-01-09 08:21:00,2.94,13.1,2.983,100,3
OnsetStation,0020-01-09 08:36:00,2.35,20.6,3.063,100,3.1
OnsetStation,0020-01-09 08:51:00,1.76,31.9,3.274,100,3.3
OnsetStation,0020-01-09 09:06:00,1.76,38.1,3.538,100,3.5
OnsetStation,0020-01-09 09:21:00,1.18,46.9,3.906,100,3.9
OnsetStation,0020-01-09 09:36:00,1.18,55.6,4.194,100,4.2
OnsetStation,0020-01-09 09:51:00,1.18,54.4,4.532,100,4.5
OnsetStation,0020-01-09 10:06:00,1.18,75.6,5.076,100,5.1
OnsetStation,0020-01-09 10:21:00,1.18,80.6,5.668,100,5.7
OnsetStation,0020-01-09 10:36:00,0.59,93.1,6.204,100,6.2
OnsetStation,0020-01-09 10:51:00,0.59,109.4,6.687,100,6.7
OnsetStation,0020-01-09 11:06:00,1.18,110.6,7.242,99.5,7.2
OnsetStation,0020-01-09 11:21:00,0.59,134.4,8.27,99.3,8.2
OnsetStation,0020-01-09 11:36:00,1.18,123.1,9.188,98.5,9
OnsetStation,0020-01-09 11:51:00,1.18,165.6,10.369,97.4,10
OnsetStation,0020-01-09 12:06:00,1.18,176.9,10.907,96.2,10.3
OnsetStation,0020-01-09 12:21:00,1.18,165.6,11.54,96,10.9
OnsetStation,0020-01-09 12:36:00,1.18,185.6,12.654,95.1,11.9
OnsetStation,0020-01-09 12:51:00,1.18,170.6,13.522,94.9,12.7
OnsetStation,0020-01-09 13:06:00,1.18,166.9,13.762,94.9,13
OnsetStation,0020-01-09 13:21:00,1.18,159.4,14.649,94.8,13.8
OnsetStation,0020-01-09 13:36:00,1.18,129.4,16.32,94.5,15.5
OnsetStation,0020-01-09 13:51:00,1.76,106.9,17.724,94.6,16.9
OnsetStation,0020-01-09 14:06:00,1.76,90.6,18.176,94.2,17.3
OnsetStation,0020-01-09 14:21:00,1.76,80.6,18.652,93.4,17.6
OnsetStation,0020-01-09 14:36:00,1.76,70.6,18.652,92.5,17.4
OnsetStation,0020-01-09 14:51:00,1.76,65.6,18.343,91.6,17
OnsetStation,0020-01-09 15:06:00,1.76,59.4,17.867,91.4,16.5
OnsetStation,0020-01-09 15:21:00,1.76,50.6,17.225,91.4,15.8
OnsetStation,0020-01-09 15:36:00,1.18,49.4,15.986,92,14.7
OnsetStation,0020-01-09 15:51:00,1.18,18.1,14.864,92.8,13.7
OnsetStation,0020-01-09 16:06:00,1.18,24.4,12.268,95.5,11.6
OnsetStation,0020-01-09 16:21:00,1.76,4.4,11.005,97.4,10.6
OnsetStation,0020-01-09 16:36:00,1.76,1.9,10.345,98.3,10.1
OnsetStation,0020-01-09 16:51:00,1.76,0.6,9.854,99.1,9.7
OnsetStation,0020-01-09 17:06:00,2.35,0.6,9.485,99.6,9.4
OnsetStation,0020-01-09 17:21:00,2.35,0.6,9.188,99.7,9.2
OnsetStation,0020-01-09 17:36:00,1.76,0.6,8.891,99.8,8.9
OnsetStation,0020-01-09 17:51:00,2.35,0.6,8.668,99.7,8.6
OnsetStation,0020-01-09 18:06:00,2.35,0.6,8.319,100,8.3
OnsetStation,0020-01-09 18:21:00,2.35,0.6,7.945,100,8
OnsetStation,0020-01-09 18:36:00,2.35,0.6,7.67,100,7.7
OnsetStation,0020-01-09 18:51:00,2.35,0.6,7.444,100,7.5
OnsetStation,0020-01-09 19:06:00,2.35,0.6,7.242,100,7.2
OnsetStation,0020-01-09 19:21:00,2.35,0.6,7.091,100,7.1
OnsetStation,0020-01-09 19:36:00,2.35,0.6,6.94,100,6.9
OnsetStation,0020-01-09 19:51:00,2.94,0.6,6.788,100,6.8
OnsetStation,0020-01-09 20:06:00,2.35,0.6,6.661,100,6.7
OnsetStation,0020-01-09 20:21:00,2.35,0.6,6.484,100,6.5
OnsetStation,0020-01-09 20:36:00,2.35,0.6,6.382,100,6.4
OnsetStation,0020-01-09 20:51:00,2.35,0.6,6.281,100,6.3
OnsetStation,0020-01-09 21:06:00,2.35,0.6,6.204,100,6.2
OnsetStation,0020-01-09 21:21:00,2.35,0.6,6.077,100,6.1
OnsetStation,0020-01-09 21:36:00,2.35,0.6,6.026,100,6
OnsetStation,0020-01-09 21:51:00,2.35,0.6,5.975,100,6
OnsetStation,0020-01-09 22:06:00,2.35,0.6,5.898,100,5.9
OnsetStation,0020-01-09 22:21:00,2.35,0.6,5.847,100,5.9
OnsetStation,0020-01-09 22:36:00,2.35,0.6,5.796,100,5.8
OnsetStation,0020-01-09 22:51:00,2.94,0.6,5.77,100,5.8
OnsetStation,0020-01-09 23:06:00,2.35,0.6,5.719,100,5.7
OnsetStation,0020-01-09 23:21:00,2.35,0.6,5.642,100,5.6
OnsetStation,0020-01-09 23:36:00,2.94,0.6,5.642,100,5.6
OnsetStation,0020-01-09 23:51:00,2.94,0.6,5.591,100,5.6
OnsetStation,0020-01-10 00:06:00,2.94,0.6,5.565,100,5.6
OnsetStation,0020-01-10 00:21:00,2.94,0.6,5.514,100,5.5
OnsetStation,0020-01-10 00:36:00,2.94,0.6,5.462,100,5.5
OnsetStation,0020-01-10 00:51:00,2.94,0.6,5.411,100,5.4
OnsetStation,0020-01-10 01:06:00,2.94,0.6,5.36,100,5.4
OnsetStation,0020-01-10 01:21:00,2.94,0.6,5.334,100,5.3
OnsetStation,0020-01-10 01:36:00,2.94,0.6,5.308,100,5.3
OnsetStation,0020-01-10 01:51:00,2.94,0.6,5.231,100,5.2
OnsetStation,0020-01-10 02:06:00,2.94,0.6,5.179,100,5.2
OnsetStation,0020-01-10 02:21:00,2.94,0.6,5.128,100,5.1
OnsetStation,0020-01-10 02:36:00,2.94,0.6,5.05,100,5.1
OnsetStation,0020-01-10 02:51:00,2.94,0.6,4.999,100,5
OnsetStation,0020-01-10 03:06:00,2.94,0.6,4.895,100,4.9
OnsetStation,0020-01-10 03:21:00,2.94,0.6,4.818,100,4.8
OnsetStation,0020-01-10 03:36:00,2.94,0.6,4.766,100,4.8
OnsetStation,0020-01-10 03:51:00,2.94,0.6,4.714,100,4.7
OnsetStation,0020-01-10 04:06:00,2.94,0.6,4.688,100,4.7
OnsetStation,0020-01-10 04:21:00,2.94,0.6,4.688,100,4.7
OnsetStation,0020-01-10 04:36:00,2.94,0.6,4.714,100,4.7
OnsetStation,0020-01-10 04:51:00,2.94,0.6,4.688,100,4.7
OnsetStation,0020-01-10 05:06:00,2.94,0.6,4.688,100,4.7
OnsetStation,0020-01-10 05:21:00,2.94,0.6,4.662,100,4.7
OnsetStation,0020-01-10 05:36:00,2.94,0.6,4.662,100,4.7
OnsetStation,0020-01-10 05:51:00,2.94,0.6,4.662,100,4.7
OnsetStation,0020-01-10 06:06:00,2.94,0.6,4.584,100,4.6
OnsetStation,0020-01-10 06:21:00,2.94,0.6,4.584,100,4.6
OnsetStation,0020-01-10 06:36:00,2.94,0.6,4.558,100,4.6
OnsetStation,0020-01-10 06:51:00,2.94,0.6,4.48,100,4.5
OnsetStation,0020-01-10 07:06:00,2.94,0.6,4.454,100,4.5
OnsetStation,0020-01-10 07:21:00,2.94,0.6,4.428,100,4.4
OnsetStation,0020-01-10 07:36:00,2.94,0.6,4.428,100,4.4
OnsetStation,0020-01-10 07:51:00,2.94,5.6,4.246,100,4.2
OnsetStation,0020-01-10 08:06:00,2.94,6.9,3.932,100,3.9
OnsetStation,0020-01-10 08:21:00,2.35,21.9,3.801,100,3.8
OnsetStation,0020-01-10 08:36:00,1.76,29.4,4.115,100,4.1
OnsetStation,0020-01-10 08:51:00,1.76,35.6,4.506,100,4.5
OnsetStation,0020-01-10 09:06:00,1.76,38.1,4.844,100,4.8
OnsetStation,0020-01-10 09:21:00,1.18,50.6,5.334,100,5.3
OnsetStation,0020-01-10 09:36:00,1.18,94.4,6.357,100,6.4
OnsetStation,0020-01-10 09:51:00,1.18,75.6,6.965,99.9,7
OnsetStation,0020-01-10 10:06:00,1.18,56.9,6.965,99.8,6.9
OnsetStation,0020-01-10 10:21:00,1.18,64.4,6.94,100,6.9
OnsetStation,0020-01-10 10:36:00,1.18,114.4,7.77,98.7,7.6
OnsetStation,0020-01-10 10:51:00,1.18,123.1,9.238,98.5,9
OnsetStation,0020-01-10 11:06:00,1.18,91.9,9.558,98,9.3
OnsetStation,0020-01-10 11:21:00,1.18,71.9,9.114,98.1,8.8
OnsetStation,0020-01-10 11:36:00,1.18,80.6,9.213,97.8,8.9
OnsetStation,0020-01-10 11:51:00,1.18,96.9,9.386,97.8,9.1
OnsetStation,0020-01-10 12:06:00,1.18,110.6,9.657,97.5,9.3
OnsetStation,0020-01-10 12:21:00,1.18,116.9,10.443,97.2,10
OnsetStation,0020-01-10 12:36:00,1.18,116.9,10.98,96.8,10.5
OnsetStation,0020-01-10 12:51:00,1.18,119.4,11.102,96.2,10.5
OnsetStation,0020-01-10 13:06:00,1.18,123.1,11.662,96.1,11.1
OnsetStation,0020-01-10 13:21:00,1.18,135.6,11.832,95.4,11.1
OnsetStation,0020-01-10 13:36:00,1.18,158.1,12.268,95.1,11.5
OnsetStation,0020-01-10 13:51:00,1.18,141.9,13.088,93.7,12.1
OnsetStation,0020-01-10 14:06:00,1.18,120.6,13.233,93.8,12.3
OnsetStation,0020-01-10 14:21:00,1.18,86.9,13.064,94,12.1
OnsetStation,0020-01-10 14:36:00,1.18,93.1,12.847,94.4,12
OnsetStation,0020-01-10 14:51:00,1.18,59.4,12.485,95.1,11.7
OnsetStation,0020-01-10 15:06:00,1.18,89.4,11.856,95.4,11.2
OnsetStation,0020-01-10 15:21:00,1.18,79.4,11.953,95.7,11.3
OnsetStation,0020-01-10 15:36:00,1.18,65.6,11.686,95.8,11.1
OnsetStation,0020-01-10 15:51:00,1.18,48.1,11.224,96.2,10.7
OnsetStation,0020-01-10 16:06:00,1.18,34.4,10.418,97,10
OnsetStation,0020-01-10 16:21:00,1.18,24.4,9.534,97.9,9.2
OnsetStation,0020-01-10 16:36:00,1.76,0.6,8.817,99,8.7
OnsetStation,0020-01-10 16:51:00,1.76,0.6,8.394,99.7,8.4
OnsetStation,0020-01-10 17:06:00,2.35,0.6,8.07,100,8.1
OnsetStation,0020-01-10 17:21:00,2.35,0.6,7.77,100,7.8
OnsetStation,0020-01-10 17:36:00,2.35,0.6,7.544,100,7.6
OnsetStation,0020-01-10 17:51:00,2.35,0.6,7.318,100,7.3
OnsetStation,0020-01-10 18:06:00,2.35,0.6,7.066,100,7.1
OnsetStation,0020-01-10 18:21:00,2.35,0.6,6.813,100,6.8
OnsetStation,0020-01-10 18:36:00,2.35,0.6,6.611,100,6.6
OnsetStation,0020-01-10 18:51:00,2.35,0.6,6.382,100,6.4
OnsetStation,0020-01-10 19:06:00,2.35,0.6,6.23,100,6.2
OnsetStation,0020-01-10 19:21:00,2.35,0.6,6,100,6
OnsetStation,0020-01-10 19:36:00,2.35,0.6,5.821,100,5.8
OnsetStation,0020-01-10 19:51:00,2.35,0.6,5.668,100,5.7
OnsetStation,0020-01-10 20:06:00,2.35,0.6,5.514,100,5.5
OnsetStation,0020-01-10 20:21:00,2.35,0.6,5.385,100,5.4
OnsetStation,0020-01-10 20:36:00,2.35,0.6,5.231,100,5.2
OnsetStation,0020-01-10 20:51:00,2.35,0.6,5.154,100,5.2
OnsetStation,0020-01-10 21:06:00,2.35,0.6,5.024,100,5
OnsetStation,0020-01-10 21:21:00,2.35,0.6,4.869,100,4.9
OnsetStation,0020-01-10 21:36:00,2.35,0.6,4.792,100,4.8
OnsetStation,0020-01-10 21:51:00,2.35,0.6,4.662,100,4.7
OnsetStation,0020-01-10 22:06:00,2.35,0.6,4.61,100,4.6
OnsetStation,0020-01-10 22:21:00,2.35,0.6,4.584,100,4.6
OnsetStation,0020-01-10 22:36:00,2.35,0.6,4.558,100,4.6
OnsetStation,0020-01-10 22:51:00,2.35,0.6,4.532,100,4.5
OnsetStation,0020-01-10 23:06:00,2.35,0.6,4.48,100,4.5
OnsetStation,0020-01-10 23:21:00,2.35,0.6,4.454,100,4.5
OnsetStation,0020-01-10 23:36:00,2.35,0.6,4.428,100,4.4
OnsetStation,0020-01-10 23:51:00,2.35,0.6,4.402,100,4.4
OnsetStation,0020-01-11 00:06:00,2.35,0.6,4.402,100,4.4
OnsetStation,0020-01-11 00:21:00,2.35,0.6,4.35,100,4.4
OnsetStation,0020-01-11 00:36:00,2.35,0.6,4.324,100,4.3
OnsetStation,0020-01-11 00:51:00,2.35,0.6,4.298,100,4.3
OnsetStation,0020-01-11 01:06:00,2.35,0.6,4.246,100,4.2
OnsetStation,0020-01-11 01:21:00,2.35,0.6,4.22,100,4.2
OnsetStation,0020-01-11 01:36:00,2.35,0.6,4.168,100,4.2
OnsetStation,0020-01-11 01:51:00,2.35,0.6,4.168,100,4.2
OnsetStation,0020-01-11 02:06:00,2.35,0.6,4.141,100,4.1
OnsetStation,0020-01-11 02:21:00,2.35,0.6,4.115,100,4.1
OnsetStation,0020-01-11 02:36:00,2.35,0.6,4.115,100,4.1
OnsetStation,0020-01-11 02:51:00,2.35,0.6,4.063,100,4.1
OnsetStation,0020-01-11 03:06:00,2.35,0.6,4.037,100,4
OnsetStation,0020-01-11 03:21:00,2.35,0.6,4.011,100,4
OnsetStation,0020-01-11 03:36:00,2.35,0.6,3.958,100,4
OnsetStation,0020-01-11 03:51:00,2.35,0.6,3.906,100,3.9
OnsetStation,0020-01-11 04:06:00,2.35,0.6,3.854,100,3.9
OnsetStation,0020-01-11 04:21:00,2.35,0.6,3.801,100,3.8
OnsetStation,0020-01-11 04:36:00,2.35,0.6,3.775,100,3.8
OnsetStation,0020-01-11 04:51:00,2.35,0.6,3.749,100,3.8
OnsetStation,0020-01-11 05:06:00,2.35,0.6,3.722,100,3.7
OnsetStation,0020-01-11 05:21:00,2.35,0.6,3.722,100,3.7
OnsetStation,0020-01-11 05:36:00,2.94,0.6,3.67,100,3.7
OnsetStation,0020-01-11 05:51:00,2.35,0.6,3.591,100,3.6
OnsetStation,0020-01-11 06:06:00,2.35,0.6,3.564,100,3.6
OnsetStation,0020-01-11 06:21:00,2.35,0.6,3.538,100,3.5
OnsetStation,0020-01-11 06:36:00,2.35,0.6,3.512,100,3.5
OnsetStation,0020-01-11 06:51:00,2.35,0.6,3.512,100,3.5
OnsetStation,0020-01-11 07:06:00,2.35,0.6,3.485,100,3.5
OnsetStation,0020-01-11 07:21:00,2.35,0.6,3.459,100,3.5
OnsetStation,0020-01-11 07:36:00,2.35,0.6,3.433,100,3.4
OnsetStation,0020-01-11 07:51:00,2.35,6.9,3.195,100,3.2
OnsetStation,0020-01-11 08:06:00,1.76,20.6,2.93,100,2.9
OnsetStation,0020-01-11 08:21:00,1.76,24.4,2.983,100,3
OnsetStation,0020-01-11 08:36:00,1.76,24.4,3.116,100,3.1
OnsetStation,0020-01-11 08:51:00,1.18,38.1,3.564,100,3.6
OnsetStation,0020-01-11 09:06:00,1.18,54.4,4.141,100,4.1
OnsetStation,0020-01-11 09:21:00,1.18,83.1,4.895,100,4.9
OnsetStation,0020-01-11 09:36:00,1.18,73.1,5.488,99.8,5.5
OnsetStation,0020-01-11 09:51:00,1.18,124.4,6.179,99.5,6.1
OnsetStation,0020-01-11 10:06:00,1.18,106.9,7.242,98.3,7
OnsetStation,0020-01-11 10:21:00,1.18,85.6,7.217,98.5,7
OnsetStation,0020-01-11 10:36:00,1.18,69.4,7.192,98.8,7
OnsetStation,0020-01-11 10:51:00,1.18,63.1,6.813,99.1,6.7
OnsetStation,0020-01-11 11:06:00,1.18,93.1,7.041,98.8,6.9
OnsetStation,0020-01-11 11:21:00,1.18,94.4,7.494,98.3,7.3
OnsetStation,0020-01-11 11:36:00,1.18,113.1,8.12,97.6,7.8
OnsetStation,0020-01-11 11:51:00,1.18,118.1,8.618,97.2,8.2
OnsetStation,0020-01-11 12:06:00,1.18,118.1,9.089,96.9,8.6
OnsetStation,0020-01-11 12:21:00,1.18,138.1,9.583,96.1,9
OnsetStation,0020-01-11 12:36:00,1.18,164.4,10.638,94.8,9.9
OnsetStation,0020-01-11 12:51:00,1.18,178.1,11.783,93.8,10.8
OnsetStation,0020-01-11 13:06:00,1.18,149.4,12.799,93.9,11.9
OnsetStation,0020-01-11 13:21:00,1.18,133.1,12.896,93.4,11.9
OnsetStation,0020-01-11 13:36:00,1.18,121.9,12.678,93.3,11.6
OnsetStation,0020-01-11 13:51:00,1.18,103.1,12.485,93.5,11.5
OnsetStation,0020-01-11 14:06:00,1.18,104.4,12.292,93.7,11.3
OnsetStation,0020-01-11 14:21:00,1.18,94.4,12.122,93.7,11.2
OnsetStation,0020-01-11 14:36:00,1.18,79.4,11.662,94.1,10.8
OnsetStation,0020-01-11 14:51:00,1.18,71.9,11.078,94.6,10.3
OnsetStation,0020-01-11 15:06:00,1.18,66.9,10.516,94.8,9.7
OnsetStation,0020-01-11 15:21:00,1.18,58.1,10.149,95.6,9.5
OnsetStation,0020-01-11 15:36:00,1.18,51.9,9.657,95.8,9
OnsetStation,0020-01-11 15:51:00,1.18,40.6,9.114,96.2,8.6
OnsetStation,0020-01-11 16:06:00,1.18,31.9,8.618,96.9,8.2
OnsetStation,0020-01-11 16:21:00,1.18,3.1,7.945,97.3,7.6
OnsetStation,0020-01-11 16:36:00,1.18,1.9,7.343,98.7,7.2
OnsetStation,0020-01-11 16:51:00,1.76,0.6,6.965,99.1,6.8
OnsetStation,0020-01-11 17:06:00,1.76,0.6,6.763,99.5,6.7
OnsetStation,0020-01-11 17:21:00,1.76,0.6,6.585,99.7,6.5
OnsetStation,0020-01-11 17:36:00,1.76,0.6,6.458,100,6.5
OnsetStation,0020-01-11 17:51:00,1.76,0.6,6.331,100,6.3
OnsetStation,0020-01-11 18:06:00,1.76,0.6,6.179,100,6.2
OnsetStation,0020-01-11 18:21:00,1.76,0.6,6.026,100,6
OnsetStation,0020-01-11 18:36:00,1.76,0.6,5.949,100,6
OnsetStation,0020-01-11 18:51:00,1.76,0.6,5.796,100,5.8
OnsetStation,0020-01-11 19:06:00,1.76,0.6,5.693,100,5.7
OnsetStation,0020-01-11 19:21:00,1.76,0.6,5.488,100,5.5
OnsetStation,0020-01-11 19:36:00,1.76,0.6,5.334,100,5.3
OnsetStation,0020-01-11 19:51:00,1.76,0.6,5.154,100,5.2
OnsetStation,0020-01-11 20:06:00,1.76,0.6,4.973,100,5
OnsetStation,0020-01-11 20:21:00,1.76,0.6,4.818,100,4.8
OnsetStation,0020-01-11 20:36:00,1.76,0.6,4.636,100,4.6
OnsetStation,0020-01-11 20:51:00,1.76,0.6,4.506,100,4.5
OnsetStation,0020-01-11 21:06:00,1.76,0.6,4.402,100,4.4
OnsetStation,0020-01-11 21:21:00,1.76,0.6,4.246,100,4.2
OnsetStation,0020-01-11 21:36:00,1.76,0.6,4.141,100,4.1
OnsetStation,0020-01-11 21:51:00,1.76,0.6,4.063,100,4.1
OnsetStation,0020-01-11 22:06:00,1.76,0.6,4.037,100,4
OnsetStation,0020-01-11 22:21:00,1.76,0.6,3.88,100,3.9
OnsetStation,0020-01-11 22:36:00,1.76,0.6,3.749,100,3.8
OnsetStation,0020-01-11 22:51:00,1.76,0.6,3.617,100,3.6
OnsetStation,0020-01-11 23:06:00,1.76,0.6,3.512,100,3.5
OnsetStation,0020-01-11 23:21:00,1.76,0.6,3.38,100,3.4
OnsetStation,0020-01-11 23:36:00,1.76,0.6,3.301,100,3.3
OnsetStation,0020-01-11 23:51:00,1.76,0.6,3.168,100,3.2
OnsetStation,0020-01-12 00:06:00,1.76,0.6,3.089,100,3.1
OnsetStation,0020-01-12 00:21:00,1.76,0.6,2.93,100,2.9
OnsetStation,0020-01-12 00:36:00,1.76,0.6,2.85,100,2.8
OnsetStation,0020-01-12 00:51:00,1.76,0.6,2.823,100,2.8
OnsetStation,0020-01-12 01:06:00,1.76,0.6,2.903,100,2.9
OnsetStation,0020-01-12 01:21:00,1.76,0.6,2.956,100,3
OnsetStation,0020-01-12 01:36:00,1.76,0.6,2.983,100,3
OnsetStation,0020-01-12 01:51:00,1.76,0.6,2.956,100,3
OnsetStation,0020-01-12 02:06:00,1.76,0.6,2.956,100,3
OnsetStation,0020-01-12 02:21:00,1.76,0.6,2.877,100,2.9
OnsetStation,0020-01-12 02:36:00,1.76,0.6,2.744,100,2.7
OnsetStation,0020-01-12 02:51:00,1.76,0.6,2.557,100,2.6
OnsetStation,0020-01-12 03:06:00,1.76,0.6,2.45,100,2.4
OnsetStation,0020-01-12 03:21:00,1.76,0.6,2.316,100,2.3
OnsetStation,0020-01-12 03:36:00,1.76,0.6,2.182,100,2.2
OnsetStation,0020-01-12 03:51:00,1.76,0.6,2.101,100,2.1
OnsetStation,0020-01-12 04:06:00,1.76,0.6,1.967,100,2
OnsetStation,0020-01-12 04:21:00,1.76,0.6,1.913,100,1.9
OnsetStation,0020-01-12 04:36:00,1.76,0.6,1.832,100,1.8
OnsetStation,0020-01-12 04:51:00,1.76,0.6,1.805,100,1.8
OnsetStation,0020-01-12 05:06:00,1.76,0.6,1.751,100,1.7
OnsetStation,0020-01-12 05:21:00,1.76,0.6,1.697,100,1.7
OnsetStation,0020-01-12 05:36:00,1.76,0.6,1.697,100,1.7
OnsetStation,0020-01-12 05:51:00,1.76,0.6,1.588,100,1.6
OnsetStation,0020-01-12 06:06:00,1.76,0.6,1.453,100,1.5
OnsetStation,0020-01-12 06:21:00,1.76,0.6,1.344,100,1.3
OnsetStation,0020-01-12 06:36:00,1.76,0.6,1.262,100,1.3
OnsetStation,0020-01-12 06:51:00,1.76,0.6,1.153,100,1.1
OnsetStation,0020-01-12 07:06:00,1.76,0.6,1.099,100,1.1
OnsetStation,0020-01-12 07:21:00,1.76,0.6,0.962,100,1
OnsetStation,0020-01-12 07:36:00,1.76,0.6,0.934,100,0.9
OnsetStation,0020-01-12 07:51:00,1.18,0.6,0.88,100,0.9
OnsetStation,0020-01-12 08:06:00,1.18,31.9,0.88,100,0.9
OnsetStation,0020-01-12 08:21:00,1.18,26.9,1.126,100,1.1
OnsetStation,0020-01-12 08:36:00,1.18,35.6,1.18,100,1.2
OnsetStation,0020-01-12 08:51:00,0.59,38.1,1.643,100,1.6
OnsetStation,0020-01-12 09:06:00,0.59,60.6,1.967,100,2
OnsetStation,0020-01-12 09:21:00,0.59,68.1,2.53,100,2.5
OnsetStation,0020-01-12 09:36:00,0.59,86.9,3.38,99.6,3.3
OnsetStation,0020-01-12 09:51:00,0.59,91.9,4.141,99,4
OnsetStation,0020-01-12 10:06:00,0.59,83.1,4.584,98.5,4.4
OnsetStation,0020-01-12 10:21:00,0.59,160.6,5.821,97.3,5.4
OnsetStation,0020-01-12 10:36:00,0.59,173.1,6.94,96.3,6.4
OnsetStation,0020-01-12 10:51:00,1.18,163.1,7.77,95.3,7.1
OnsetStation,0020-01-12 11:06:00,1.18,189.4,8.22,94.5,7.4
OnsetStation,0020-01-12 11:21:00,1.18,203.1,9.805,93.4,8.8
OnsetStation,0020-01-12 11:36:00,1.18,219.4,11.273,92,10
OnsetStation,0020-01-12 11:51:00,1.76,211.9,12.727,90.4,11.2
OnsetStation,0020-01-12 12:06:00,1.76,218.1,13.858,89.7,12.2
OnsetStation,0020-01-12 12:21:00,1.76,198.1,14.553,88.6,12.7
OnsetStation,0020-01-12 12:36:00,1.76,203.1,14.96,88.9,13.2
OnsetStation,0020-01-12 12:51:00,1.76,193.1,15.294,88.4,13.4
OnsetStation,0020-01-12 13:06:00,1.76,146.9,15.461,89.4,13.7
OnsetStation,0020-01-12 13:21:00,1.76,134.4,15.796,89.2,14
OnsetStation,0020-01-12 13:36:00,1.76,119.4,15.986,88.9,14.2
OnsetStation,0020-01-12 13:51:00,1.76,105.6,15.939,89.5,14.2
OnsetStation,0020-01-12 14:06:00,1.76,91.9,15.748,89.8,14.1
OnsetStation,0020-01-12 14:21:00,1.76,83.1,15.676,90,14.1
OnsetStation,0020-01-12 14:36:00,1.18,75.6,15.318,90,13.7
OnsetStation,0020-01-12 14:51:00,1.18,65.6,14.888,90.4,13.3
OnsetStation,0020-01-12 15:06:00,1.18,56.9,14.026,91.3,12.6
OnsetStation,0020-01-12 15:21:00,1.18,46.9,13.016,93.1,11.9
OnsetStation,0020-01-12 15:36:00,1.18,38.1,12.219,94.2,11.3
OnsetStation,0020-01-12 15:51:00,1.18,35.6,11.734,94.6,10.9
OnsetStation,0020-01-12 16:06:00,1.18,5.6,10.663,95.9,10
OnsetStation,0020-01-12 16:21:00,1.76,1.9,9.756,97.1,9.3
OnsetStation,0020-01-12 16:36:00,1.76,1.9,9.188,97.9,8.9
OnsetStation,0020-01-12 16:51:00,1.76,1.9,8.668,98.3,8.4
OnsetStation,0020-01-12 17:06:00,1.76,0.6,8.22,98.7,8
OnsetStation,0020-01-12 17:21:00,1.76,0.6,7.795,99.1,7.7
OnsetStation,0020-01-12 17:36:00,1.76,0.6,7.469,99.5,7.4
OnsetStation,0020-01-12 17:51:00,1.76,0.6,7.116,99.6,7.1
OnsetStation,0020-01-12 18:06:00,1.76,0.6,6.813,99.8,6.8
OnsetStation,0020-01-12 18:21:00,1.76,0.6,6.56,99.9,6.6
OnsetStation,0020-01-12 18:36:00,1.76,0.6,6.306,99.9,6.3
OnsetStation,0020-01-12 18:51:00,1.76,0.6,6.077,100,6.1
OnsetStation,0020-01-12 19:06:00,1.76,0.6,5.872,100,5.9
OnsetStation,0020-01-12 19:21:00,1.76,0.6,5.668,100,5.7
OnsetStation,0020-01-12 19:36:00,1.76,0.6,5.462,100,5.5
OnsetStation,0020-01-12 19:51:00,1.76,0.6,5.282,100,5.3
OnsetStation,0020-01-12 20:06:00,1.76,0.6,5.076,100,5.1
OnsetStation,0020-01-12 20:21:00,1.76,0.6,4.895,100,4.9
OnsetStation,0020-01-12 20:36:00,1.76,0.6,4.714,100,4.7
OnsetStation,0020-01-12 20:51:00,1.76,0.6,4.584,100,4.6
OnsetStation,0020-01-12 21:06:00,1.76,0.6,4.428,100,4.4
OnsetStation,0020-01-12 21:21:00,1.76,0.6,4.246,100,4.2
OnsetStation,0020-01-12 21:36:00,1.76,0.6,4.115,100,4.1
OnsetStation,0020-01-12 21:51:00,1.76,0.6,3.958,100,4
OnsetStation,0020-01-12 22:06:00,1.76,0.6,3.827,100,3.8
OnsetStation,0020-01-12 22:21:00,1.76,0.6,3.696,100,3.7
OnsetStation,0020-01-12 22:36:00,1.76,0.6,3.591,100,3.6
OnsetStation,0020-01-12 22:51:00,1.76,0.6,3.459,100,3.5
OnsetStation,0020-01-12 23:06:00,1.76,0.6,3.354,100,3.4
OnsetStation,0020-01-12 23:21:00,1.76,0.6,3.274,100,3.3
OnsetStation,0020-01-12 23:36:00,1.76,0.6,3.168,100,3.2
OnsetStation,0020-01-12 23:51:00,1.76,0.6,3.063,100,3.1
OnsetStation,0020-01-13 00:06:00,1.76,0.6,2.983,100,3
OnsetStation,0020-01-13 00:21:00,1.76,0.6,2.877,100,2.9
OnsetStation,0020-01-13 00:36:00,1.76,0.6,2.823,100,2.8
OnsetStation,0020-01-13 00:51:00,1.18,0.6,2.69,100,2.7
OnsetStation,0020-01-13 01:06:00,1.76,0.6,2.61,100,2.6
OnsetStation,0020-01-13 01:21:00,1.76,0.6,2.53,100,2.5
OnsetStation,0020-01-13 01:36:00,1.76,0.6,2.45,100,2.4
OnsetStation,0020-01-13 01:51:00,1.76,0.6,2.423,100,2.4
OnsetStation,0020-01-13 02:06:00,1.18,0.6,2.37,100,2.4
OnsetStation,0020-01-13 02:21:00,1.76,0.6,2.316,100,2.3
OnsetStation,0020-01-13 02:36:00,1.76,0.6,2.236,100,2.2
OnsetStation,0020-01-13 02:51:00,1.76,0.6,2.182,100,2.2
OnsetStation,0020-01-13 03:06:00,1.76,0.6,2.074,100,2.1
OnsetStation,0020-01-13 03:21:00,1.76,0.6,2.074,100,2.1
OnsetStation,0020-01-13 03:36:00,1.76,0.6,1.994,100,2
OnsetStation,0020-01-13 03:51:00,1.76,0.6,1.913,100,1.9
OnsetStation,0020-01-13 04:06:00,1.18,0.6,1.805,100,1.8
OnsetStation,0020-01-13 04:21:00,1.18,0.6,1.751,100,1.7
OnsetStation,0020-01-13 04:36:00,1.18,0.6,1.724,100,1.7
OnsetStation,0020-01-13 04:51:00,1.18,0.6,1.778,100,1.8
OnsetStation,0020-01-13 05:06:00,1.76,0.6,1.859,100,1.9
OnsetStation,0020-01-13 05:21:00,1.76,0.6,1.886,100,1.9
OnsetStation,0020-01-13 05:36:00,1.76,0.6,1.94,100,1.9
OnsetStation,0020-01-13 05:51:00,1.76,0.6,2.021,100,2
OnsetStation,0020-01-13 06:06:00,1.76,0.6,2.128,100,2.1
OnsetStation,0020-01-13 06:21:00,1.76,0.6,2.155,100,2.2
OnsetStation,0020-01-13 06:36:00,1.76,0.6,2.182,100,2.2
OnsetStation,0020-01-13 06:51:00,1.76,0.6,2.209,100,2.2
OnsetStation,0020-01-13 07:06:00,1.76,0.6,2.236,100,2.2
OnsetStation,0020-01-13 07:21:00,1.76,0.6,2.209,100,2.2
OnsetStation,0020-01-13 07:36:00,1.76,0.6,2.128,100,2.1
OnsetStation,0020-01-13 07:51:00,1.76,0.6,2.074,100,2.1
OnsetStation,0020-01-13 08:06:00,1.76,0.6,2.021,100,2
OnsetStation,0020-01-13 08:21:00,1.76,0.6,2.074,100,2.1
OnsetStation,0020-01-13 08:36:00,1.76,1.9,2.182,100,2.2
OnsetStation,0020-01-13 08:51:00,1.18,21.9,2.316,100,2.3
OnsetStation,0020-01-13 09:06:00,1.18,48.1,2.664,100,2.7
OnsetStation,0020-01-13 09:21:00,1.18,61.9,2.877,100,2.9
OnsetStation,0020-01-13 09:36:00,0.59,76.9,3.327,99.9,3.3
OnsetStation,0020-01-13 09:51:00,0.59,106.9,4.115,98.8,3.9
OnsetStation,0020-01-13 10:06:00,0.59,125.6,4.921,98,4.6
OnsetStation,0020-01-13 10:21:00,0.59,130.6,5.462,97.1,5
OnsetStation,0020-01-13 10:36:00,0.59,145.6,6.077,96.6,5.6
OnsetStation,0020-01-13 10:51:00,0.59,154.4,6.839,95.9,6.2
OnsetStation,0020-01-13 11:06:00,1.18,161.9,7.795,94.4,7
OnsetStation,0020-01-13 11:21:00,1.18,159.4,8.469,94.3,7.6
OnsetStation,0020-01-13 11:36:00,1.18,161.9,9.238,93.5,8.3
OnsetStation,0020-01-13 11:51:00,1.18,161.9,9.928,93.3,8.9
OnsetStation,0020-01-13 12:06:00,1.18,161.9,10.932,92.1,9.7
OnsetStation,0020-01-13 12:21:00,1.18,173.1,11.662,90.5,10.2
OnsetStation,0020-01-13 12:36:00,1.18,148.1,12.001,91.1,10.6
OnsetStation,0020-01-13 12:51:00,1.76,149.4,12.243,91.4,10.9
OnsetStation,0020-01-13 13:06:00,1.18,129.4,12.509,91.3,11.1
OnsetStation,0020-01-13 13:21:00,1.18,121.9,12.582,91.2,11.2
OnsetStation,0020-01-13 13:36:00,1.18,105.6,12.63,91.7,11.3
OnsetStation,0020-01-13 13:51:00,1.18,96.9,12.509,91,11.1
OnsetStation,0020-01-13 14:06:00,1.18,93.1,12.558,91.5,11.2
OnsetStation,0020-01-13 14:21:00,1.18,81.9,12.364,91.8,11.1
OnsetStation,0020-01-13 14:36:00,1.18,69.4,12.171,92.4,11
OnsetStation,0020-01-13 14:51:00,1.18,60.6,11.734,93.1,10.7
OnsetStation,0020-01-13 15:06:00,1.18,50.6,11.224,93.9,10.3
OnsetStation,0020-01-13 15:21:00,1.18,45.6,10.834,94.3,10
OnsetStation,0020-01-13 15:36:00,1.18,6.9,9.756,95.9,9.1
OnsetStation,0020-01-13 15:51:00,1.18,5.6,8.916,97.1,8.5
OnsetStation,0020-01-13 16:06:00,1.18,4.4,8.394,97.7,8.1
OnsetStation,0020-01-13 16:21:00,1.18,3.1,7.945,98.5,7.7
OnsetStation,0020-01-13 16:36:00,1.76,1.9,7.594,99.1,7.5
OnsetStation,0020-01-13 16:51:00,1.76,0.6,7.217,99.4,7.1
OnsetStation,0020-01-13 17:06:00,1.76,0.6,6.889,99.8,6.9
OnsetStation,0020-01-13 17:21:00,1.76,0.6,6.56,100,6.6
OnsetStation,0020-01-13 17:36:00,1.76,0.6,6.306,100,6.3
OnsetStation,0020-01-13 17:51:00,1.76,0.6,6.026,100,6
OnsetStation,0020-01-13 18:06:00,1.76,0.6,5.77,100,5.8
OnsetStation,0020-01-13 18:21:00,1.76,0.6,5.539,100,5.5
OnsetStation,0020-01-13 18:36:00,1.76,0.6,5.308,100,5.3
OnsetStation,0020-01-13 18:51:00,1.76,0.6,5.102,100,5.1
OnsetStation,0020-01-13 19:06:00,1.76,0.6,4.895,100,4.9
OnsetStation,0020-01-13 19:21:00,1.76,0.6,4.74,100,4.7
OnsetStation,0020-01-13 19:36:00,1.76,0.6,4.506,100,4.5
OnsetStation,0020-01-13 19:51:00,1.76,0.6,4.35,100,4.4
OnsetStation,0020-01-13 20:06:00,1.76,0.6,4.194,100,4.2
OnsetStation,0020-01-13 20:21:00,1.76,0.6,4.037,100,4
OnsetStation,0020-01-13 20:36:00,1.76,0.6,3.906,100,3.9
OnsetStation,0020-01-13 20:51:00,1.76,0.6,3.749,100,3.8
OnsetStation,0020-01-13 21:06:00,1.76,0.6,3.591,100,3.6
OnsetStation,0020-01-13 21:21:00,1.76,0.6,3.459,100,3.5
OnsetStation,0020-01-13 21:36:00,1.76,0.6,3.327,100,3.3
OnsetStation,0020-01-13 21:51:00,1.76,0.6,3.248,100,3.2
OnsetStation,0020-01-13 22:06:00,1.76,0.6,3.142,100,3.1
OnsetStation,0020-01-13 22:21:00,1.76,0.6,3.116,100,3.1
OnsetStation,0020-01-13 22:36:00,1.76,0.6,3.009,100,3
OnsetStation,0020-01-13 22:51:00,1.76,0.6,2.85,100,2.8
OnsetStation,0020-01-13 23:06:00,1.76,0.6,2.744,100,2.7
OnsetStation,0020-01-13 23:21:00,1.76,0.6,2.69,100,2.7
OnsetStation,0020-01-13 23:36:00,1.76,0.6,2.557,100,2.6
OnsetStation,0020-01-13 23:51:00,1.76,0.6,2.477,100,2.5
OnsetStation,0020-01-14 00:06:00,1.76,0.6,2.396,100,2.4
OnsetStation,0020-01-14 00:21:00,1.76,0.6,2.236,100,2.2
OnsetStation,0020-01-14 00:36:00,1.76,0.6,2.128,100,2.1
OnsetStation,0020-01-14 00:51:00,1.76,0.6,2.021,100,2
OnsetStation,0020-01-14 01:06:00,1.76,0.6,1.94,100,1.9
OnsetStation,0020-01-14 01:21:00,1.76,0.6,1.805,100,1.8
OnsetStation,0020-01-14 01:36:00,1.76,0.6,1.67,100,1.7
OnsetStation,0020-01-14 01:51:00,1.76,0.6,1.615,100,1.6
OnsetStation,0020-01-14 02:06:00,1.76,0.6,1.48,100,1.5
OnsetStation,0020-01-14 02:21:00,1.76,0.6,1.398,100,1.4
OnsetStation,0020-01-14 02:36:00,1.18,0.6,1.262,100,1.3
OnsetStation,0020-01-14 02:51:00,1.18,0.6,1.153,100,1.1
OnsetStation,0020-01-14 03:06:00,1.76,0.6,1.099,100,1.1
OnsetStation,0020-01-14 03:21:00,1.76,0.6,0.962,100,1
OnsetStation,0020-01-14 03:36:00,1.18,0.6,0.852,100,0.8
OnsetStation,0020-01-14 03:51:00,1.18,0.6,0.797,100,0.8
OnsetStation,0020-01-14 04:06:00,1.76,0.6,0.715,100,0.7
OnsetStation,0020-01-14 04:21:00,1.76,0.6,0.605,100,0.6
OnsetStation,0020-01-14 04:36:00,1.18,0.6,0.495,100,0.5
OnsetStation,0020-01-14 04:51:00,1.18,0.6,0.384,100,0.4
OnsetStation,0020-01-14 05:06:00,1.18,0.6,0.301,100,0.3
OnsetStation,0020-01-14 05:21:00,1.18,0.6,0.163,100,0.2
OnsetStation,0020-01-14 05:36:00,1.18,0.6,0.079,100,0.1
OnsetStation,0020-01-14 05:51:00,1.18,0.6,-0.004,100,0
OnsetStation,0020-01-14 06:06:00,1.18,0.6,-0.088,100,-0.1
OnsetStation,0020-01-14 06:21:00,1.18,0.6,-0.171,100,-0.2
OnsetStation,0020-01-14 06:36:00,1.18,0.6,-0.255,100,-0.3
OnsetStation,0020-01-14 06:51:00,1.18,0.6,-0.339,100,-0.3
OnsetStation,0020-01-14 07:06:00,1.18,0.6,-0.423,100,-0.4
OnsetStation,0020-01-14 07:21:00,1.18,0.6,-0.423,100,-0.4
OnsetStation,0020-01-14 07:36:00,1.18,0.6,-0.395,100,-0.4
OnsetStation,0020-01-14 07:51:00,1.18,0.6,-0.171,100,-0.2
OnsetStation,0020-01-14 08:06:00,1.18,0.6,0.135,100,0.1
OnsetStation,0020-01-14 08:21:00,1.18,0.6,0.439,100,0.4
OnsetStation,0020-01-14 08:36:00,1.76,1.9,0.687,100,0.7
OnsetStation,0020-01-14 08:51:00,1.76,1.9,0.907,100,0.9
OnsetStation,0020-01-14 09:06:00,1.18,3.1,1.071,100,1.1
OnsetStation,0020-01-14 09:21:00,1.18,34.4,1.235,100,1.2
OnsetStation,0020-01-14 09:36:00,1.18,35.6,1.425,100,1.4
OnsetStation,0020-01-14 09:51:00,1.18,38.1,1.751,100,1.7
OnsetStation,0020-01-14 10:06:00,1.18,39.4,2.047,100,2
OnsetStation,0020-01-14 10:21:00,0.59,48.1,2.37,100,2.4
OnsetStation,0020-01-14 10:36:00,0.59,55.6,2.69,100,2.7
OnsetStation,0020-01-14 10:51:00,0.59,55.6,3.009,100,3
OnsetStation,0020-01-14 11:06:00,0.59,66.9,3.301,100,3.3
OnsetStation,0020-01-14 11:21:00,0.59,63.1,3.643,99.8,3.6
OnsetStation,0020-01-14 11:36:00,0.59,66.9,3.775,99.5,3.7
OnsetStation,0020-01-14 11:51:00,0.59,63.1,3.958,99.7,3.9
OnsetStation,0020-01-14 12:06:00,1.18,63.1,4.22,99.6,4.2
OnsetStation,0020-01-14 12:21:00,0.59,64.4,4.272,99.3,4.2
OnsetStation,0020-01-14 12:36:00,1.18,71.9,4.636,99.6,4.6
OnsetStation,0020-01-14 12:51:00,1.18,73.1,4.973,99,4.8
OnsetStation,0020-01-14 13:06:00,1.18,88.1,5.257,98.7,5.1
OnsetStation,0020-01-14 13:21:00,1.18,83.1,5.488,98.4,5.3
OnsetStation,0020-01-14 13:36:00,1.18,56.9,5.411,98.6,5.2
OnsetStation,0020-01-14 13:51:00,1.18,80.6,5.462,98.7,5.3
OnsetStation,0020-01-14 14:06:00,1.18,71.9,5.872,98,5.6
OnsetStation,0020-01-14 14:21:00,1.18,65.6,5.872,98.5,5.7
OnsetStation,0020-01-14 14:36:00,1.18,80.6,6.051,98,5.8
OnsetStation,0020-01-14 14:51:00,1.18,76.9,6.585,97.5,6.2
OnsetStation,0020-01-14 15:06:00,1.18,63.1,7.041,97.6,6.7
OnsetStation,0020-01-14 15:21:00,1.18,59.4,7.041,97.6,6.7
OnsetStation,0020-01-14 15:36:00,1.18,54.4,6.99,97.8,6.7
OnsetStation,0020-01-14 15:51:00,1.18,8.1,6.281,98.9,6.1
OnsetStation,0020-01-14 16:06:00,1.18,6.9,5.642,99.7,5.6
OnsetStation,0020-01-14 16:21:00,1.18,4.4,5.257,100,5.3
OnsetStation,0020-01-14 16:36:00,1.76,1.9,4.921,100,4.9
OnsetStation,0020-01-14 16:51:00,1.76,0.6,4.61,100,4.6
OnsetStation,0020-01-14 17:06:00,1.76,0.6,4.402,100,4.4
OnsetStation,0020-01-14 17:21:00,1.76,0.6,4.22,100,4.2
OnsetStation,0020-01-14 17:36:00,1.76,0.6,4.037,100,4
OnsetStation,0020-01-14 17:51:00,1.76,0.6,3.854,100,3.9
OnsetStation,0020-01-14 18:06:00,1.76,0.6,3.696,100,3.7
OnsetStation,0020-01-14 18:21:00,1.76,0.6,3.564,100,3.6
OnsetStation,0020-01-14 18:36:00,1.76,0.6,3.354,100,3.4
OnsetStation,0020-01-14 18:51:00,1.76,0.6,3.195,100,3.2
OnsetStation,0020-01-14 19:06:00,1.76,0.6,3.063,100,3.1
OnsetStation,0020-01-14 19:21:00,1.76,0.6,2.956,100,3
OnsetStation,0020-01-14 19:36:00,1.76,0.6,2.77,100,2.8
OnsetStation,0020-01-14 19:51:00,1.76,0.6,2.61,100,2.6
OnsetStation,0020-01-14 20:06:00,1.76,0.6,2.45,100,2.4
OnsetStation,0020-01-14 20:21:00,1.76,0.6,2.316,100,2.3
OnsetStation,0020-01-14 20:36:00,1.76,0.6,2.209,100,2.2
OnsetStation,0020-01-14 20:51:00,1.76,0.6,2.101,100,2.1
OnsetStation,0020-01-14 21:06:00,1.76,0.6,2.128,100,2.1
OnsetStation,0020-01-14 21:21:00,1.76,0.6,2.155,100,2.2
OnsetStation,0020-01-14 21:36:00,1.76,0.6,2.074,100,2.1
OnsetStation,0020-01-14 21:51:00,1.76,0.6,1.967,100,2
OnsetStation,0020-01-14 22:06:00,1.76,0.6,1.859,100,1.9
OnsetStation,0020-01-14 22:21:00,1.76,0.6,1.697,100,1.7
OnsetStation,0020-01-14 22:36:00,1.76,0.6,1.561,100,1.6
OnsetStation,0020-01-14 22:51:00,1.76,0.6,1.425,100,1.4
OnsetStation,0020-01-14 23:06:00,1.76,0.6,1.317,100,1.3
OnsetStation,0020-01-14 23:21:00,1.76,0.6,1.235,100,1.2
OnsetStation,0020-01-14 23:36:00,1.76,0.6,1.153,100,1.1
OnsetStation,0020-01-14 23:51:00,1.76,0.6,1.153,100,1.1
OnsetStation,0020-01-15 00:06:00,1.76,0.6,1.289,100,1.3
OnsetStation,0020-01-15 00:21:00,1.76,0.6,1.317,100,1.3
OnsetStation,0020-01-15 00:36:00,1.76,0.6,1.371,100,1.4
OnsetStation,0020-01-15 00:51:00,1.76,0.6,1.398,100,1.4
OnsetStation,0020-01-15 01:06:00,1.76,0.6,1.425,100,1.4
OnsetStation,0020-01-15 01:21:00,1.76,0.6,1.48,100,1.5
OnsetStation,0020-01-15 01:36:00,1.76,0.6,1.48,100,1.5
OnsetStation,0020-01-15 01:51:00,1.76,0.6,1.453,100,1.5
OnsetStation,0020-01-15 02:06:00,1.76,0.6,1.453,100,1.5
OnsetStation,0020-01-15 02:21:00,1.76,0.6,1.398,100,1.4
OnsetStation,0020-01-15 02:36:00,1.76,0.6,1.398,100,1.4
OnsetStation,0020-01-15 02:51:00,1.76,0.6,1.371,100,1.4
OnsetStation,0020-01-15 03:06:00,1.76,0.6,1.344,100,1.3
OnsetStation,0020-01-15 03:21:00,1.76,0.6,1.317,100,1.3
OnsetStation,0020-01-15 03:36:00,1.76,0.6,1.262,100,1.3
OnsetStation,0020-01-15 03:51:00,1.76,0.6,1.235,100,1.2
OnsetStation,0020-01-15 04:06:00,1.76,0.6,1.18,100,1.2
OnsetStation,0020-01-15 04:21:00,1.76,0.6,1.126,100,1.1
OnsetStation,0020-01-15 04:36:00,1.76,0.6,1.071,100,1.1
OnsetStation,0020-01-15 04:51:00,1.76,0.6,1.044,100,1
OnsetStation,0020-01-15 05:06:00,1.76,0.6,1.017,100,1
OnsetStation,0020-01-15 05:21:00,1.76,0.6,0.989,100,1
OnsetStation,0020-01-15 05:36:00,1.76,0.6,0.907,100,0.9
OnsetStation,0020-01-15 05:51:00,1.76,0.6,0.852,100,0.8
OnsetStation,0020-01-15 06:06:00,1.76,0.6,0.797,100,0.8
OnsetStation,0020-01-15 06:21:00,1.76,0.6,0.632,100,0.6
OnsetStation,0020-01-15 06:36:00,1.76,0.6,0.467,100,0.5
OnsetStation,0020-01-15 06:51:00,1.18,0.6,0.495,100,0.5
OnsetStation,0020-01-15 07:06:00,1.18,0.6,0.467,100,0.5
OnsetStation,0020-01-15 07:21:00,1.18,0.6,0.522,100,0.5
OnsetStation,0020-01-15 07:36:00,1.76,0.6,0.522,100,0.5
OnsetStation,0020-01-15 07:51:00,1.18,0.6,0.577,100,0.6
OnsetStation,0020-01-15 08:06:00,1.76,0.6,0.66,100,0.7
OnsetStation,0020-01-15 08:21:00,1.76,0.6,0.715,100,0.7
OnsetStation,0020-01-15 08:36:00,1.76,1.9,0.797,100,0.8
OnsetStation,0020-01-15 08:51:00,1.76,3.1,0.907,100,0.9
OnsetStation,0020-01-15 09:06:00,1.18,4.4,1.017,100,1
OnsetStation,0020-01-15 09:21:00,1.76,5.6,1.153,100,1.1
OnsetStation,0020-01-15 09:36:00,1.76,6.9,1.262,100,1.3
OnsetStation,0020-01-15 09:51:00,1.18,53.1,1.643,100,1.6
OnsetStation,0020-01-15 10:06:00,1.18,76.9,2.236,100,2.2
OnsetStation,0020-01-15 10:21:00,0.59,103.1,3.195,99.7,3.2
OnsetStation,0020-01-15 10:36:00,0.59,88.1,3.591,99.5,3.5
OnsetStation,0020-01-15 10:51:00,0.59,110.6,3.854,99.4,3.8
OnsetStation,0020-01-15 11:06:00,0.59,118.1,4.558,98.1,4.3
OnsetStation,0020-01-15 11:21:00,1.18,109.4,5.05,98.3,4.8
OnsetStation,0020-01-15 11:36:00,1.18,88.1,5.076,98.4,4.8
OnsetStation,0020-01-15 11:51:00,1.18,93.1,5.36,98.8,5.2
OnsetStation,0020-01-15 12:06:00,1.18,79.4,5.385,98.4,5.2
OnsetStation,0020-01-15 12:21:00,1.18,81.9,5.514,98.7,5.3
OnsetStation,0020-01-15 12:36:00,1.18,75.6,5.693,98.7,5.5
OnsetStation,0020-01-15 12:51:00,1.18,60.6,5.642,98.8,5.5
OnsetStation,0020-01-15 13:06:00,1.18,69.4,5.616,98.5,5.4
OnsetStation,0020-01-15 13:21:00,1.18,79.4,5.847,98.3,5.6
OnsetStation,0020-01-15 13:36:00,1.18,88.1,6.204,98,5.9
OnsetStation,0020-01-15 13:51:00,1.18,59.4,6.23,97.7,5.9
OnsetStation,0020-01-15 14:06:00,1.18,50.6,6.077,98.4,5.8
OnsetStation,0020-01-15 14:21:00,1.18,44.4,5.77,98.8,5.6
OnsetStation,0020-01-15 14:36:00,1.18,40.6,5.565,99.2,5.5
OnsetStation,0020-01-15 14:51:00,1.18,44.4,5.462,99.2,5.4
OnsetStation,0020-01-15 15:06:00,1.18,41.9,5.462,99.3,5.4
OnsetStation,0020-01-15 15:21:00,1.18,8.1,5.334,99.6,5.3
OnsetStation,0020-01-15 15:36:00,1.18,4.4,4.818,100,4.8
OnsetStation,0020-01-15 15:51:00,1.76,4.4,4.506,100,4.5
OnsetStation,0020-01-15 16:06:00,1.76,3.1,4.324,100,4.3
OnsetStation,0020-01-15 16:21:00,1.76,0.6,4.194,100,4.2
OnsetStation,0020-01-15 16:36:00,1.76,0.6,4.037,100,4
OnsetStation,0020-01-15 16:51:00,1.76,0.6,3.906,100,3.9
OnsetStation,0020-01-15 17:06:00,1.76,0.6,3.775,100,3.8
OnsetStation,0020-01-15 17:21:00,1.76,0.6,3.696,100,3.7
OnsetStation,0020-01-15 17:36:00,1.76,0.6,3.617,100,3.6
OnsetStation,0020-01-15 17:51:00,1.76,0.6,3.564,100,3.6
OnsetStation,0020-01-15 18:06:00,1.76,0.6,3.512,100,3.5
OnsetStation,0020-01-15 18:21:00,1.76,0.6,3.485,100,3.5
OnsetStation,0020-01-15 18:36:00,1.76,0.6,3.433,100,3.4
OnsetStation,0020-01-15 18:51:00,1.76,0.6,3.433,100,3.4
OnsetStation,0020-01-15 19:06:00,1.76,0.6,3.38,100,3.4
OnsetStation,0020-01-15 19:21:00,1.76,0.6,3.38,100,3.4
OnsetStation,0020-01-15 19:36:00,1.76,0.6,3.327,100,3.3
OnsetStation,0020-01-15 19:51:00,1.76,0.6,3.301,100,3.3
OnsetStation,0020-01-15 20:06:00,1.76,0.6,3.301,100,3.3
OnsetStation,0020-01-15 20:21:00,1.76,0.6,3.248,100,3.2
OnsetStation,0020-01-15 20:36:00,1.76,0.6,3.221,100,3.2
OnsetStation,0020-01-15 20:51:00,1.76,0.6,3.195,100,3.2
OnsetStation,0020-01-15 21:06:00,1.76,0.6,3.195,100,3.2
OnsetStation,0020-01-15 21:21:00,1.76,0.6,3.195,100,3.2
OnsetStation,0020-01-15 21:36:00,1.76,0.6,3.142,100,3.1
OnsetStation,0020-01-15 21:51:00,1.76,0.6,3.142,100,3.1
OnsetStation,0020-01-15 22:06:00,2.35,0.6,3.142,100,3.1
OnsetStation,0020-01-15 22:21:00,2.35,0.6,3.116,100,3.1
OnsetStation,0020-01-15 22:36:00,2.35,0.6,3.089,100,3.1
OnsetStation,0020-01-15 22:51:00,2.35,0.6,3.089,100,3.1
OnsetStation,0020-01-15 23:06:00,2.35,0.6,3.036,100,3
OnsetStation,0020-01-15 23:21:00,2.35,0.6,3.036,100,3
OnsetStation,0020-01-15 23:36:00,2.35,0.6,3.036,100,3
OnsetStation,0020-01-15 23:51:00,1.76,0.6,3.009,100,3
OnsetStation,0020-01-16 00:06:00,1.76,0.6,2.983,100,3
OnsetStation,0020-01-16 00:21:00,2.35,0.6,3.009,100,3
OnsetStation,0020-01-16 00:36:00,2.35,0.6,3.009,100,3
OnsetStation,0020-01-16 00:51:00,1.76,0.6,3.009,100,3
OnsetStation,0020-01-16 01:06:00,2.35,0.6,3.009,100,3
OnsetStation,0020-01-16 01:21:00,2.35,0.6,2.983,100,3
OnsetStation,0020-01-16 01:36:00,2.35,0.6,2.983,100,3
OnsetStation,0020-01-16 01:51:00,2.35,0.6,2.956,100,3
OnsetStation,0020-01-16 02:06:00,2.35,0.6,2.93,100,2.9
OnsetStation,0020-01-16 02:21:00,2.35,0.6,2.903,100,2.9
OnsetStation,0020-01-16 02:36:00,2.35,0.6,2.903,100,2.9
OnsetStation,0020-01-16 02:51:00,2.35,0.6,2.903,100,2.9
OnsetStation,0020-01-16 03:06:00,2.35,0.6,2.903,100,2.9
OnsetStation,0020-01-16 03:21:00,2.35,0.6,2.903,100,2.9
OnsetStation,0020-01-16 03:36:00,2.35,0.6,2.877,100,2.9
OnsetStation,0020-01-16 03:51:00,2.35,0.6,2.903,100,2.9
OnsetStation,0020-01-16 04:06:00,2.35,0.6,2.903,100,2.9
OnsetStation,0020-01-16 04:21:00,2.35,0.6,2.903,100,2.9
OnsetStation,0020-01-16 04:36:00,2.35,0.6,2.903,100,2.9
OnsetStation,0020-01-16 04:51:00,2.35,0.6,2.903,100,2.9
OnsetStation,0020-01-16 05:06:00,2.35,0.6,2.877,100,2.9
OnsetStation,0020-01-16 05:21:00,2.35,0.6,2.877,100,2.9
OnsetStation,0020-01-16 05:36:00,2.35,0.6,2.903,100,2.9
OnsetStation,0020-01-16 05:51:00,2.35,0.6,2.903,100,2.9
OnsetStation,0020-01-16 06:06:00,2.35,0.6,2.903,100,2.9
OnsetStation,0020-01-16 06:21:00,2.35,0.6,2.903,100,2.9
OnsetStation,0020-01-16 06:36:00,2.35,0.6,2.93,100,2.9
OnsetStation,0020-01-16 06:51:00,2.35,0.6,2.877,100,2.9
OnsetStation,0020-01-16 07:06:00,2.35,0.6,2.877,100,2.9
OnsetStation,0020-01-16 07:21:00,2.35,0.6,2.903,100,2.9
OnsetStation,0020-01-16 07:36:00,2.35,0.6,2.877,100,2.9
OnsetStation,0020-01-16 07:51:00,2.35,0.6,2.903,100,2.9
OnsetStation,0020-01-16 08:06:00,2.35,0.6,2.877,100,2.9
OnsetStation,0020-01-16 08:21:00,2.35,0.6,2.877,100,2.9
OnsetStation,0020-01-16 08:36:00,2.35,0.6,2.903,100,2.9
OnsetStation,0020-01-16 08:51:00,2.35,0.6,2.903,100,2.9
OnsetStation,0020-01-16 09:06:00,2.35,0.6,2.93,100,2.9
OnsetStation,0020-01-16 09:21:00,2.35,0.6,2.93,100,2.9
OnsetStation,0020-01-16 09:36:00,2.35,0.6,2.956,100,3
OnsetStation,0020-01-16 09:51:00,2.35,1.9,2.983,100,3
OnsetStation,0020-01-16 10:06:00,2.35,1.9,3.009,100,3
OnsetStation,0020-01-16 10:21:00,2.35,3.1,3.036,100,3
OnsetStation,0020-01-16 10:36:00,2.35,3.1,3.063,100,3.1